ros_time,odom_x,odom_y,odom_yaw_deg,base_footprint_x,base_footprint_y,base_footprint_yaw_deg
1765359814.4026113,nan,nan,0.0,0.4422519510604711,0.13320504258074675,-167.4510642041999
1765359814.453187,nan,nan,0.0,0.4422519510604711,0.13320504258074675,-167.4510642041999
1765359814.5026867,nan,nan,0.0,0.4422519510604711,0.13320504258074675,-167.4510642041999
1765359814.5526276,nan,nan,0.0,0.4422519510604711,0.13320504258074675,-167.4510642041999
1765359814.602705,nan,nan,0.0,0.4422519510604711,0.13320504258074675,-167.4510642041999
1765359814.6526046,nan,nan,0.0,0.4422519510604711,0.13320504258074675,-167.4510642041999
1765359814.703089,nan,nan,0.0,0.4422519510604711,0.13320504258074675,-167.4510642041999
1765359814.7526727,nan,nan,0.0,0.4422519510604711,0.13320504258074675,-167.4510642041999
1765359814.805729,nan,nan,0.0,0.4422519510604711,0.13320504258074675,-167.4510642041999
1765359814.852469,nan,nan,0.0,0.4422519510604711,0.13320504258074675,-167.4510642041999
1765359814.902493,nan,nan,0.0,0.4422519510604711,0.13320504258074675,-167.4510642041999
1765359814.9559426,nan,nan,0.0,0.4422519510604711,0.13320504258074675,-167.4510642041999
1765359815.002461,nan,nan,0.0,0.4422519510604711,0.13320504258074675,-167.4510642041999
1765359815.0542536,nan,nan,0.0,0.4422519510604711,0.13320504258074675,-167.4510642041999
1765359815.1055052,nan,nan,0.0,0.4422519510604711,0.13320504258074675,-167.4510642041999
1765359815.1534603,nan,nan,0.0,0.4422519510604711,0.13320504258074675,-167.4510642041999
1765359815.2031329,nan,nan,0.0,0.4422519510604711,0.13320504258074675,-167.4510642041999
1765359815.2530303,nan,nan,0.0,0.4422519510604711,0.13320504258074675,-167.4510642041999
1765359815.3027422,nan,nan,0.0,0.4422519510604711,0.13320504258074675,-167.4510642041999
1765359815.353023,nan,nan,0.0,0.4422519510604711,0.13320504258074675,-167.4510642041999
1765359815.40279,nan,nan,0.0,0.4422519510604711,0.13320504258074675,-167.4510642041999
1765359815.453232,nan,nan,0.0,0.4422519510604711,0.13320504258074675,-167.4510642041999
1765359815.5037484,nan,nan,0.0,0.4422519510604711,0.13320504258074675,-167.4510642041999
1765359815.5523376,nan,nan,0.0,0.4422519510604711,0.13320504258074675,-167.4510642041999
1765359815.6025398,nan,nan,0.0,0.4422519510604711,0.13320504258074675,-167.4510642041999
1765359815.65294,nan,nan,0.0,0.4422519510604711,0.13320504258074675,-167.4510642041999
1765359815.702498,nan,nan,0.0,0.4422519510604711,0.13320504258074675,-167.4510642041999
1765359815.7542272,nan,nan,0.0,0.4422519510604711,0.13320504258074675,-167.4510642041999
1765359815.802675,nan,nan,0.0,0.4422519510604711,0.13320504258074675,-167.4510642041999
1765359815.8535879,nan,nan,0.0,0.4422519510604711,0.13320504258074675,-167.4510642041999
1765359815.9032445,nan,nan,0.0,0.4422519510604711,0.13320504258074675,-167.4510642041999
1765359815.9526167,nan,nan,0.0,0.4422519510604711,0.13320504258074675,-167.4510642041999
1765359816.0033119,nan,nan,0.0,0.4422519510604711,0.13320504258074675,-167.4510642041999
1765359816.053413,nan,nan,0.0,0.4422519510604711,0.13320504258074675,-167.4510642041999
1765359816.1023078,nan,nan,0.0,0.4422519510604711,0.13320504258074675,-167.4510642041999
1765359816.1529837,nan,nan,0.0,0.4422519510604711,0.13320504258074675,-167.4510642041999
1765359816.2026486,nan,nan,0.0,0.4422519510604711,0.13320504258074675,-167.4510642041999
1765359816.252339,nan,nan,0.0,0.4422519510604711,0.13320504258074675,-167.4510642041999
1765359816.3036432,nan,nan,0.0,0.4422519510604711,0.13320504258074675,-167.4510642041999
1765359816.3537776,nan,nan,0.0,0.4422519510604711,0.13320504258074675,-167.4510642041999
1765359816.4043863,nan,nan,0.0,0.4422519510604711,0.13320504258074675,-167.4510642041999
1765359816.4544687,nan,nan,0.0,0.4422519510604711,0.13320504258074675,-167.4510642041999
1765359816.5029292,nan,nan,0.0,0.4422519510604711,0.13320504258074675,-167.4510642041999
1765359816.5525827,nan,nan,0.0,0.4422519510604711,0.13320504258074675,-167.4510642041999
1765359816.6050162,nan,nan,0.0,0.4422519510604711,0.13320504258074675,-167.4510642041999
1765359816.6525447,nan,nan,0.0,0.4422519510604711,0.13320504258074675,-167.4510642041999
1765359816.7026467,nan,nan,0.0,0.4422519510604711,0.13320504258074675,-167.4510642041999
1765359816.7528484,nan,nan,0.0,0.4422519510604711,0.13320504258074675,-167.4510642041999
1765359816.8026826,nan,nan,0.0,0.4422519510604711,0.13320504258074675,-167.4510642041999
1765359816.8534777,nan,nan,0.0,0.4422519510604711,0.13320504258074675,-167.4510642041999
1765359816.9026332,nan,nan,0.0,0.4422519510604711,0.13320504258074675,-167.4510642041999
1765359816.9548683,nan,nan,0.0,0.4422519510604711,0.13320504258074675,-167.4510642041999
1765359817.0023227,nan,nan,0.0,0.4422519510604711,0.13320504258074675,-167.4510642041999
1765359817.0532377,nan,nan,0.0,0.4422519510604711,0.13320504258074675,-167.4510642041999
1765359817.1033533,nan,nan,0.0,0.4422519510604711,0.13320504258074675,-167.4510642041999
1765359817.152441,nan,nan,0.0,0.4422519510604711,0.13320504258074675,-167.4510642041999
1765359817.2021728,nan,nan,0.0,0.4422519510604711,0.13320504258074675,-167.4510642041999
1765359817.2536323,nan,nan,0.0,0.4422519510604711,0.13320504258074675,-167.4510642041999
1765359817.30252,nan,nan,0.0,0.4422519510604711,0.13320504258074675,-167.4510642041999
1765359817.3534884,nan,nan,0.0,0.4422519510604711,0.13320504258074675,-167.4510642041999
1765359817.4045632,nan,nan,0.0,0.4422519510604711,0.13320504258074675,-167.4510642041999
1765359817.4524634,nan,nan,0.0,0.4422519510604711,0.13320504258074675,-167.4510642041999
1765359817.5027852,nan,nan,0.0,0.4422519510604711,0.13320504258074675,-167.4510642041999
1765359817.5538335,nan,nan,0.0,0.4422519510604711,0.13320504258074675,-167.4510642041999
1765359817.6025956,nan,nan,0.0,0.4422519510604711,0.13320504258074675,-167.4510642041999
1765359817.652219,nan,nan,0.0,0.4422519510604711,0.13320504258074675,-167.4510642041999
1765359817.7024841,nan,nan,0.0,0.4422519510604711,0.13320504258074675,-167.4510642041999
1765359817.7526565,nan,nan,0.0,0.4422519510604711,0.13320504258074675,-167.4510642041999
1765359817.802686,nan,nan,0.0,0.4422519510604711,0.13320504258074675,-167.4510642041999
1765359817.8522565,nan,nan,0.0,0.4422519510604711,0.13320504258074675,-167.4510642041999
1765359817.9026306,nan,nan,0.0,0.4422519510604711,0.13320504258074675,-167.4510642041999
1765359817.9523585,nan,nan,0.0,0.4422519510604711,0.13320504258074675,-167.4510642041999
1765359818.003263,nan,nan,0.0,0.4422519510604711,0.13320504258074675,-167.4510642041999
1765359818.0527983,nan,nan,0.0,0.4422519510604711,0.13320504258074675,-167.4510642041999
1765359818.1029284,nan,nan,0.0,0.4422519510604711,0.13320504258074675,-167.4510642041999
1765359818.1537797,nan,nan,0.0,0.4422519510604711,0.13320504258074675,-167.4510642041999
1765359818.2033372,nan,nan,0.0,0.4422519510604711,0.13320504258074675,-167.4510642041999
1765359818.2528386,nan,nan,0.0,0.4422519510604711,0.13320504258074675,-167.4510642041999
1765359818.3028967,nan,nan,0.0,0.4422519510604711,0.13320504258074675,-167.4510642041999
1765359818.3524919,nan,nan,0.0,0.4422519510604711,0.13320504258074675,-167.4510642041999
1765359818.4029472,nan,nan,0.0,0.4419384811330517,0.13461332084615113,-167.4510642041999
1765359818.4530816,nan,nan,0.0,0.44288222600290067,0.134823389866686,-167.4510642041999
1765359818.5026913,nan,nan,0.0,0.45044498654790394,0.13650679154756895,-167.44308659859988
1765359818.5530677,nan,nan,0.0,0.45044498654790394,0.13650679154756895,-167.44308659859988
1765359818.6050396,nan,nan,0.0,0.45044498654790394,0.13650679154756895,-167.44308659859988
1765359818.6540942,nan,nan,0.0,0.45044498654790394,0.13650679154756895,-167.44308659859988
1765359818.703656,nan,nan,0.0,0.47230981908923764,0.141338832625581,-168.3835978851999
1765359818.752915,nan,nan,0.0,0.48527411792741154,0.14498342559446967,-168.96844992179987
1765359818.803789,nan,nan,0.0,0.48527411792741154,0.14498342559446967,-168.96844992179987
1765359818.852876,nan,nan,0.0,0.5014974661941819,0.14814619700854914,-169.89748229859987
1765359818.9028444,nan,nan,0.0,0.5154181186194318,0.1506264739928106,-171.07592020899986
1765359818.9521632,nan,nan,0.0,0.5154181186194318,0.1506264739928106,-171.07592020899986
1765359819.0034695,nan,nan,0.0,0.5364447062117665,0.15392820391468567,-172.00832094969988
1765359819.0524917,nan,nan,0.0,0.5571573857954799,0.15683611378011264,-173.26132728569988
1765359819.1024916,nan,nan,0.0,0.5571573857954799,0.15683611378011264,-173.26132728569988
1765359819.1532614,nan,nan,0.0,0.5781608856272684,0.1602910918685939,-174.6386821653999
1765359819.202406,nan,nan,0.0,0.5982239642014794,0.16411892754916324,-176.0184590450999
1765359819.2532492,nan,nan,0.0,0.5982239642014794,0.16411892754916324,-176.0184590450999
1765359819.303169,nan,nan,0.0,0.6172829581261932,0.16737404812216464,-177.5715260794999
1765359819.3531876,nan,nan,0.0,0.6172829581261932,0.16737404812216464,-177.5715260794999
1765359819.4023983,nan,nan,0.0,0.6375523063148498,0.16920257638844186,-179.0307470710999
1765359819.452445,nan,nan,0.0,0.6570261015933324,0.17050683234262468,179.45990472370013
1765359819.5025241,nan,nan,0.0,0.6570261015933324,0.17050683234262468,179.45990472370013
1765359819.5526984,nan,nan,0.0,0.676443559773209,0.17032378940008525,177.9643421167001
1765359819.6029463,nan,nan,0.0,0.6956263381206553,0.1696419588460054,176.38321427670013
1765359819.6532145,nan,nan,0.0,0.6956263381206553,0.1696419588460054,176.38321427670013
1765359819.70301,nan,nan,0.0,0.7149976864527359,0.1684175191934396,175.04817669770011
1765359819.7521908,nan,nan,0.0,0.7149976864527359,0.1684175191934396,175.04817669770011
1765359819.8027244,nan,nan,0.0,0.7343519075445721,0.1667406414603916,173.43194966990012
1765359819.8524091,nan,nan,0.0,0.7537590750893679,0.16548371611994722,171.93598327380013
1765359819.9032767,nan,nan,0.0,0.7537590750893679,0.16548371611994722,171.93598327380013
1765359819.9525,nan,nan,0.0,0.7718351558375686,0.16292269003264168,170.27384566380013
1765359820.0027728,nan,nan,0.0,0.791287552511804,0.1615571368570308,168.64356870900014
1765359820.052571,nan,nan,0.0,0.791287552511804,0.1615571368570308,168.64356870900014
1765359820.102962,nan,nan,0.0,0.8103172616486071,0.15773513096836098,167.0847148995001
1765359820.1526084,nan,nan,0.0,0.8283998568174237,0.15457840064415634,165.6860317939001
1765359820.2031617,nan,nan,0.0,0.8283998568174237,0.15457840064415634,165.6860317939001
1765359820.2525055,nan,nan,0.0,0.8439069472946339,0.15062166647615036,164.47182612640012
1765359820.302733,nan,nan,0.0,0.8439069472946339,0.15062166647615036,164.47182612640012
1765359820.3529446,nan,nan,0.0,0.8654176972905016,0.14564024372963116,163.05767534410012
1765359820.4024878,nan,nan,0.0,0.8863911878902356,0.13925108289931504,161.7934620959001
1765359820.4524806,nan,nan,0.0,0.8863911878902356,0.13925108289931504,161.7934620959001
1765359820.5022938,nan,nan,0.0,0.9068063205268336,0.1335495484015349,160.62802508960013
1765359820.5523016,nan,nan,0.0,0.9268081169891887,0.12651679883317438,159.55632706310013
1765359820.6023986,nan,nan,0.0,0.9268081169891887,0.12651679883317438,159.55632706310013
1765359820.6523383,nan,nan,0.0,0.9458672580830413,0.11941222626372781,158.34360322550015
1765359820.7050238,nan,nan,0.0,0.9458672580830413,0.11941222626372781,158.34360322550015
1765359820.7527013,nan,nan,0.0,0.9638722364415887,0.11226304240875082,157.16274822550014
1765359820.8023891,nan,nan,0.0,0.9818292226158478,0.10470087867999739,155.8225976910001
1765359820.8527942,nan,nan,0.0,0.9818292226158478,0.10470087867999739,155.8225976910001
1765359820.9024937,nan,nan,0.0,0.9999222214556096,0.0976412569447478,154.72810571850013
1765359820.9528234,nan,nan,0.0,1.0164406001673805,0.08984296621715175,153.47685744030014
1765359821.0029538,nan,nan,0.0,1.0164406001673805,0.08984296621715175,153.47685744030014
1765359821.053368,nan,nan,0.0,1.033396827208277,0.08029425747231239,152.60433141720011
1765359821.1030958,nan,nan,0.0,1.0506430515260867,0.07135631790339006,151.30828463160012
1765359821.1547096,nan,nan,0.0,1.0506430515260867,0.07135631790339006,151.30828463160012
1765359821.2023852,nan,nan,0.0,1.0667635399183935,0.06253363766192181,150.19289243760016
1765359821.2536998,nan,nan,0.0,1.0667635399183935,0.06253363766192181,150.19289243760016
1765359821.305712,nan,nan,0.0,1.0839673300840866,0.05378877292489265,148.96242318610015
1765359821.353773,nan,nan,0.0,1.1019381308374685,0.0441079352264724,147.75476965560017
1765359821.4022822,nan,nan,0.0,1.1019381308374685,0.0441079352264724,147.75476965560017
1765359821.4530003,nan,nan,0.0,1.1019381308374685,0.0441079352264724,147.75476965560017
1765359821.5031815,nan,nan,0.0,1.1019381308374685,0.0441079352264724,147.75476965560017
1765359821.5602112,nan,nan,0.0,1.1019381308374685,0.0441079352264724,147.75476965560017
1765359821.6029909,nan,nan,0.0,1.1019381308374685,0.0441079352264724,147.75476965560017
1765359821.6536925,nan,nan,0.0,1.1019381308374685,0.0441079352264724,147.75476965560017
1765359821.7025287,nan,nan,0.0,1.1019381308374685,0.0441079352264724,147.75476965560017
1765359821.753806,nan,nan,0.0,1.1586551288157108,0.009106374761836972,145.26274622800017
1765359821.802686,nan,nan,0.0,1.1491975912535248,0.01566418600537445,145.45234570480017
1765359821.8526587,nan,nan,0.0,1.1491975912535248,0.01566418600537445,145.45234570480017
1765359821.9027157,nan,nan,0.0,1.1348791704539039,0.02552250825763507,145.82624663780018
1765359821.9522638,nan,nan,0.0,1.1348791704539039,0.02552250825763507,145.82624663780018
1765359822.002366,nan,nan,0.0,1.1188525107669354,0.03640348583441852,146.36877230260018
1765359822.0526338,nan,nan,0.0,1.1188525107669354,0.03640348583441852,146.36877230260018
1765359822.1029835,nan,nan,0.0,1.1027231927224588,0.0471324551384821,146.60014853290016
1765359822.1525655,nan,nan,0.0,1.0870846327770207,0.058604266482198394,147.3022213417002
1765359822.20259,nan,nan,0.0,1.0714474711079733,0.06864228976360594,148.22059622170016
1765359822.25321,nan,nan,0.0,1.0714474711079733,0.06864228976360594,148.22059622170016
1765359822.3023367,nan,nan,0.0,1.0559528129701123,0.07824167541388008,149.00291553640017
1765359822.3525918,nan,nan,0.0,1.0559528129701123,0.07824167541388008,149.00291553640017
1765359822.403511,nan,nan,0.0,1.0423420361836928,0.08754845427938344,150.00783904480016
1765359822.4525168,nan,nan,0.0,1.0307309328728864,0.0964859482857031,151.12445572080014
1765359822.5025663,nan,nan,0.0,1.0307309328728864,0.0964859482857031,151.12445572080014
1765359822.5523953,nan,nan,0.0,1.01643419602387,0.1056606327649514,152.07386615160016
1765359822.6027493,nan,nan,0.0,1.01643419602387,0.1056606327649514,152.07386615160016
1765359822.6537251,nan,nan,0.0,1.0122066528779297,0.11009395675907839,154.44347518680016
1765359822.7023385,nan,nan,0.0,1.01547375444483,0.10942805299984562,156.47516744730015
1765359822.7542586,nan,nan,0.0,1.01547375444483,0.10942805299984562,156.47516744730015
1765359822.8031611,nan,nan,0.0,1.0252692360218703,0.10516380732795755,156.65917106520016
1765359822.8524384,nan,nan,0.0,1.0380432615379274,0.10070161411787931,156.77828651370015
1765359822.9028485,nan,nan,0.0,1.0380432615379274,0.10070161411787931,156.77828651370015
1765359822.9525094,nan,nan,0.0,1.050797898033132,0.09614850640696224,157.41848686770015
1765359823.0027194,nan,nan,0.0,1.0703162289209986,0.08803119737176948,157.83797364210017
1765359823.0530157,nan,nan,0.0,1.0703162289209986,0.08803119737176948,157.83797364210017
1765359823.1031997,nan,nan,0.0,1.0907073679866115,0.07972548863735102,157.85374457270015
1765359823.1528614,nan,nan,0.0,1.11024995005309,0.0717716846628973,157.94854395590016
1765359823.2025971,nan,nan,0.0,1.11024995005309,0.0717716846628973,157.94854395590016
1765359823.2523184,nan,nan,0.0,1.129843919619353,0.06383473028472365,157.88522073830018
1765359823.3024857,nan,nan,0.0,1.129843919619353,0.06383473028472365,157.88522073830018
1765359823.3528466,nan,nan,0.0,1.1486454759400826,0.05619455990792971,157.57475971340017
1765359823.4023645,nan,nan,0.0,1.1666229728607398,0.04877550373223009,157.43859021830016
1765359823.4528368,nan,nan,0.0,1.1666229728607398,0.04877550373223009,157.43859021830016
1765359823.5034106,nan,nan,0.0,1.1845940849862384,0.04130904908843762,157.38248515390018
1765359823.5524085,nan,nan,0.0,1.202348128491658,0.03391238559118983,157.3587208807002
1765359823.6035585,nan,nan,0.0,1.202348128491658,0.03391238559118983,157.3587208807002
1765359823.6526551,nan,nan,0.0,1.2193000066619621,0.026841666182049917,157.39057277750018
1765359823.7035308,nan,nan,0.0,1.2193000066619621,0.026841666182049917,157.39057277750018
1765359823.7525957,nan,nan,0.0,1.2383206472920316,0.018920465554891484,157.38114383260017
1765359823.8035743,nan,nan,0.0,1.2457725639443928,0.016854728956469885,157.8709912812002
1765359823.8527668,nan,nan,0.0,1.2457725639443928,0.016854728956469885,157.8709912812002
1765359823.9029422,nan,nan,0.0,1.2450207717302064,0.017160443599889108,158.6130403449002
1765359823.9534779,nan,nan,0.0,1.236960835453002,0.02031698212515133,158.4704374059002
1765359824.0025334,nan,nan,0.0,1.236960835453002,0.02031698212515133,158.4704374059002
1765359824.0524974,nan,nan,0.0,1.225288289632974,0.024921878738808835,159.0985551642002
1765359824.1028948,nan,nan,0.0,1.225288289632974,0.024921878738808835,159.0985551642002
1765359824.1534483,nan,nan,0.0,1.2120611343120409,0.031010031777831723,160.06394829180022
1765359824.2030976,nan,nan,0.0,1.1969163017162148,0.037533214417209006,160.97324587620022
1765359824.2528152,nan,nan,0.0,1.1827903040003158,0.043299821051813014,162.0886925962002
1765359824.3030016,nan,nan,0.0,1.1827903040003158,0.043299821051813014,162.0886925962002
1765359824.3525183,nan,nan,0.0,1.1827903040003158,0.043299821051813014,162.0886925962002
1765359824.4022217,nan,nan,0.0,1.1549678058103279,0.05492393360707788,163.87290212890022
1765359824.4523704,nan,nan,0.0,1.1482108038701522,0.05771825706174605,165.64216394210018
1765359824.5032966,nan,nan,0.0,1.1462926379511074,0.05416980706290431,169.55866589810017
1765359824.552568,nan,nan,0.0,1.1462926379511074,0.05416980706290431,169.55866589810017
1765359824.6028647,nan,nan,0.0,1.1503744960164373,0.054231692369946786,171.6030577421002
1765359824.6525834,nan,nan,0.0,1.165643417144377,0.05197780689237932,171.88911495170018
1765359824.7027888,nan,nan,0.0,1.165643417144377,0.05197780689237932,171.88911495170018
1765359824.7528412,nan,nan,0.0,1.184822077867564,0.04825913042706373,172.82933040320015
1765359824.8023005,nan,nan,0.0,1.184822077867564,0.04825913042706373,172.82933040320015
1765359824.852891,nan,nan,0.0,1.2048020210223016,0.04477315710658128,174.04514522450015
1765359824.9030056,nan,nan,0.0,1.2250048579461794,0.04266584637997571,175.17653576250015
1765359824.9529998,nan,nan,0.0,1.2250048579461794,0.04266584637997571,175.17653576250015
1765359825.0023127,nan,nan,0.0,1.2452311536466005,0.04095905494181381,176.33897967410016
1765359825.0525708,nan,nan,0.0,1.2656182951196973,0.03867683503340604,177.65715940730016
1765359825.102895,nan,nan,0.0,1.2656182951196973,0.03867683503340604,177.65715940730016
1765359825.1530778,nan,nan,0.0,1.284821766100454,0.03789116175123518,178.64663306980015
1765359825.2030008,nan,nan,0.0,1.284821766100454,0.03789116175123518,178.64663306980015
1765359825.2527301,nan,nan,0.0,1.3042052056098241,0.03743322599898664,179.16569201930017
1765359825.3032124,nan,nan,0.0,1.323550479707927,0.03715151140246407,-179.85419224689986
1765359825.3528445,nan,nan,0.0,1.323550479707927,0.03715151140246407,-179.85419224689986
1765359825.4023879,nan,nan,0.0,1.343291695412754,0.037201749457405446,-179.28504497589986
1765359825.4521456,nan,nan,0.0,1.3614594066214112,0.03838543648164868,-178.55988320149984
1765359825.50253,nan,nan,0.0,1.3614594066214112,0.03838543648164868,-178.55988320149984
1765359825.5523062,nan,nan,0.0,1.3806536904972315,0.03982951160235635,-177.82352414659985
1765359825.6026053,nan,nan,0.0,1.3806536904972315,0.03982951160235635,-177.82352414659985
1765359825.652531,nan,nan,0.0,1.3999714555661997,0.041532807267849116,-176.87424349889986
1765359825.70296,nan,nan,0.0,1.3999714555661997,0.041532807267849116,-176.87424349889986
1765359825.7543342,nan,nan,0.0,1.416721711614152,0.04244752081736167,-176.09351899569984
1765359825.8033745,nan,nan,0.0,1.4397453659166897,0.044019732543428516,-175.27770382889983
1765359825.8542898,nan,nan,0.0,1.4607429783677444,0.046718848783035005,-174.73133215889985
1765359825.9050539,nan,nan,0.0,1.4607429783677444,0.046718848783035005,-174.73133215889985
1765359825.952579,nan,nan,0.0,1.4815601607879998,0.049596818082325626,-174.16538477729983
1765359826.002628,nan,nan,0.0,1.5017516979206584,0.05263641752418274,-173.66136668999985
1765359826.0533366,nan,nan,0.0,1.5017516979206584,0.05263641752418274,-173.66136668999985
1765359826.1031008,nan,nan,0.0,1.5218324676875157,0.05486706122980306,-173.49493931069983
1765359826.1522076,nan,nan,0.0,1.5411053597860391,0.057064654321640436,-173.38309050929982
1765359826.203132,nan,nan,0.0,1.5411053597860391,0.057064654321640436,-173.38309050929982
1765359826.252296,nan,nan,0.0,1.5602044169704488,0.06025365245606372,-173.58221843179984
1765359826.3028996,nan,nan,0.0,1.5602044169704488,0.06025365245606372,-173.58221843179984
1765359826.352782,nan,nan,0.0,1.5794483389573952,0.062418251803902126,-173.87732358679983
1765359826.402814,nan,nan,0.0,1.598885739370507,0.06450329175082833,-174.24769010739985
1765359826.4528291,nan,nan,0.0,1.598885739370507,0.06450329175082833,-174.24769010739985
1765359826.5027862,nan,nan,0.0,1.617023007492489,0.06633035724239084,-174.59542212939985
1765359826.5522501,nan,nan,0.0,1.617023007492489,0.06633035724239084,-174.59542212939985
1765359826.6025639,nan,nan,0.0,1.6352806773690656,0.06903206987145354,-175.29858939419984
1765359826.653376,nan,nan,0.0,1.6545542797674035,0.07061712615159722,-176.01542641619983
1765359826.7028863,nan,nan,0.0,1.6545542797674035,0.07061712615159722,-176.01542641619983
1765359826.7529445,nan,nan,0.0,1.6739284653860116,0.07294347094276356,-176.98666605809984
1765359826.8030849,nan,nan,0.0,1.6931473711707905,0.07395517610103078,-177.92199179549982
1765359826.8521762,nan,nan,0.0,1.6931473711707905,0.07395517610103078,-177.92199179549982
1765359826.9032052,nan,nan,0.0,1.7124775466683078,0.07659916309187946,-178.92144273299982
1765359826.952867,nan,nan,0.0,1.7124775466683078,0.07659916309187946,-178.92144273299982
1765359827.0038059,nan,nan,0.0,1.7124775466683078,0.07659916309187946,-178.92144273299982
1765359827.053191,nan,nan,0.0,1.7124775466683078,0.07659916309187946,-178.92144273299982
1765359827.1033845,nan,nan,0.0,1.7124775466683078,0.07659916309187946,-178.92144273299982
1765359827.152441,nan,nan,0.0,1.7124775466683078,0.07659916309187946,-178.92144273299982
1765359827.2025661,nan,nan,0.0,1.7917630075315625,0.07567085117791211,176.56375131830023
1765359827.2520978,nan,nan,0.0,1.7917630075315625,0.07567085117791211,176.56375131830023
1765359827.3035357,nan,nan,0.0,1.8137851989734597,0.07434850968914287,175.73412059330025
1765359827.3526933,nan,nan,0.0,1.8352778614615661,0.07274533930512096,175.00785378530026
1765359827.4032133,nan,nan,0.0,1.8352778614615661,0.07274533930512096,175.00785378530026
1765359827.4526389,nan,nan,0.0,1.854384106579084,0.07107639844682831,174.12315535810026
1765359827.5039613,nan,nan,0.0,1.8736527503737868,0.0690930478194756,173.32536089810026
1765359827.5526495,nan,nan,0.0,1.8736527503737868,0.0690930478194756,173.32536089810026
1765359827.602621,nan,nan,0.0,1.8930907956994967,0.06779780546527134,172.31565639530027
1765359827.652727,nan,nan,0.0,1.9123704427737567,0.06617141385594502,171.41631112520022
1765359827.702893,nan,nan,0.0,1.9123704427737567,0.06617141385594502,171.41631112520022
1765359827.7525506,nan,nan,0.0,1.9306490025504408,0.06438855725660206,170.27135828360022
1765359827.802468,nan,nan,0.0,1.9306490025504408,0.06438855725660206,170.27135828360022
1765359827.8524237,nan,nan,0.0,1.9497240523381358,0.06111818436710246,169.3068782341002
1765359827.9027584,nan,nan,0.0,1.9687564255589265,0.05752434642857172,168.12624850490025
1765359827.9526138,nan,nan,0.0,1.9687564255589265,0.05752434642857172,168.12624850490025
1765359828.0022545,nan,nan,0.0,1.9876322011728453,0.05255964583958913,167.15478926010022
1765359828.0525699,nan,nan,0.0,2.005874274515786,0.049398060560672266,165.86430240580023
1765359828.1022425,nan,nan,0.0,2.005874274515786,0.049398060560672266,165.86430240580023
1765359828.152224,nan,nan,0.0,2.0249149332182705,0.04657785546726764,164.45229196230025
1765359828.2022448,nan,nan,0.0,2.0249149332182705,0.04657785546726764,164.45229196230025
1765359828.252129,nan,nan,0.0,2.043833263145127,0.04231952467460484,162.8888554499002
1765359828.302567,nan,nan,0.0,2.062954659962638,0.03846378325855573,161.6417894063002
1765359828.3525484,nan,nan,0.0,2.062954659962638,0.03846378325855573,161.6417894063002
1765359828.4025424,nan,nan,0.0,2.0792097268487955,0.033957135779851114,160.2609866934002
1765359828.4529803,nan,nan,0.0,2.1001857785862903,0.02744411519071602,158.75996565350022
1765359828.502793,nan,nan,0.0,2.1001857785862903,0.02744411519071602,158.75996565350022
1765359828.552914,nan,nan,0.0,2.1198056966189016,0.01981827471193328,157.14426561550022
1765359828.6028805,nan,nan,0.0,2.139611933250151,0.011469819243901554,155.4703432875002
1765359828.6543489,nan,nan,0.0,2.139611933250151,0.011469819243901554,155.4703432875002
1765359828.7026644,nan,nan,0.0,2.1573472992743428,0.002333168145680969,153.92263648950023
1765359828.7527318,nan,nan,0.0,2.1573472992743428,0.002333168145680969,153.92263648950023
1765359828.802717,nan,nan,0.0,2.1760995329556527,-0.0057626351493823575,152.6982242310002
1765359828.8529098,nan,nan,0.0,2.1941217203917494,-0.015065287088777128,151.51287040580021
1765359828.9023411,nan,nan,0.0,2.1941217203917494,-0.015065287088777128,151.51287040580021
1765359828.9541552,nan,nan,0.0,2.2108547281457716,-0.023037326281193517,150.1888215038002
1765359829.002267,nan,nan,0.0,2.2263544218055955,-0.030809604553773146,149.01627224900022
1765359829.0528193,nan,nan,0.0,2.2263544218055955,-0.030809604553773146,149.01627224900022
1765359829.1037433,nan,nan,0.0,2.2413249194960247,-0.03979900136328632,147.3701102016002
1765359829.153743,nan,nan,0.0,2.2413249194960247,-0.03979900136328632,147.3701102016002
1765359829.2027302,nan,nan,0.0,2.2556862634976014,-0.04784616277058028,146.1040099443002
1765359829.2524655,nan,nan,0.0,2.269974776924382,-0.05627266264406419,144.71588998390024
1765359829.3025198,nan,nan,0.0,2.269974776924382,-0.05627266264406419,144.71588998390024
1765359829.352795,nan,nan,0.0,2.2817634371759374,-0.06461459194643897,143.2090765919002
1765359829.402458,nan,nan,0.0,2.2817634371759374,-0.06461459194643897,143.2090765919002
1765359829.45396,nan,nan,0.0,2.2817634371759374,-0.06461459194643897,143.2090765919002
1765359829.5029914,nan,nan,0.0,2.3076985890662916,-0.0833794780335691,139.82864441640024
1765359829.5524828,nan,nan,0.0,2.3076985890662916,-0.0833794780335691,139.82864441640024
1765359829.6024425,nan,nan,0.0,2.3187741525562084,-0.0927295674966152,138.4038633611002
1765359829.6523952,nan,nan,0.0,2.3296990504284403,-0.10242782847040896,136.96787763970022
1765359829.7029266,nan,nan,0.0,2.3296990504284403,-0.10242782847040896,136.96787763970022
1765359829.7530017,nan,nan,0.0,2.342887367221503,-0.11627623962024494,135.79310298900023
1765359829.8029456,nan,nan,0.0,2.3472187111697993,-0.11954985660928161,134.86118787060022
1765359829.8528512,nan,nan,0.0,2.3472187111697993,-0.11954985660928161,134.86118787060022
1765359829.9026616,nan,nan,0.0,2.35434347161591,-0.12850017385341028,130.04308490690022
1765359829.9521542,nan,nan,0.0,2.35357832449689,-0.1265684343102903,127.88901983450022
1765359830.0024192,nan,nan,0.0,2.35357832449689,-0.1265684343102903,127.88901983450022
1765359830.0525615,nan,nan,0.0,2.347868489042877,-0.11767260434917375,127.46332769870021
1765359830.1022282,nan,nan,0.0,2.339002206853801,-0.1061025145620269,126.68686837460022
1765359830.1522582,nan,nan,0.0,2.339002206853801,-0.1061025145620269,126.68686837460022
1765359830.203608,nan,nan,0.0,2.339002206853801,-0.1061025145620269,126.68686837460022
1765359830.252728,nan,nan,0.0,2.3299131649732177,-0.0922765049879455,125.78248395990022
1765359830.302786,nan,nan,0.0,2.3204664855101735,-0.07750665126816896,124.61288714330024
1765359830.352319,nan,nan,0.0,2.3114513067261098,-0.06275656068111497,123.4833668657002
1765359830.4023468,nan,nan,0.0,2.3114513067261098,-0.06275656068111497,123.4833668657002
1765359830.4524155,nan,nan,0.0,2.3026136836243567,-0.047634924215491994,121.91480967690023
1765359830.502203,nan,nan,0.0,2.3026136836243567,-0.047634924215491994,121.91480967690023
1765359830.5532053,nan,nan,0.0,2.29262177247497,-0.033415045089245615,120.47749197110024
1765359830.6028466,nan,nan,0.0,2.2828500148098674,-0.018739242700877578,118.75347985150022
1765359830.652948,nan,nan,0.0,2.2828500148098674,-0.018739242700877578,118.75347985150022
1765359830.7041354,nan,nan,0.0,2.2750114251548204,-0.004453438029964637,117.69546415850024
1765359830.7523859,nan,nan,0.0,2.2681937607235283,0.010625658263170063,116.14254766370024
1765359830.8030536,nan,nan,0.0,2.2681937607235283,0.010625658263170063,116.14254766370024
1765359830.8525817,nan,nan,0.0,2.2622304468415795,0.024975444697485902,114.36198224280024
1765359830.9031,nan,nan,0.0,2.2622304468415795,0.024975444697485902,114.36198224280024
1765359830.9528177,nan,nan,0.0,2.255825718856194,0.03911952826529149,113.07502573210024
1765359831.002941,nan,nan,0.0,2.2484521508162483,0.053946518534854854,111.51310894060025
1765359831.053505,nan,nan,0.0,2.243266779957622,0.06710152217805275,110.08800037260026
1765359831.102713,nan,nan,0.0,2.243266779957622,0.06710152217805275,110.08800037260026
1765359831.1522427,nan,nan,0.0,2.237579503611617,0.0854451309174331,108.61071065760025
1765359831.2024229,nan,nan,0.0,2.237579503611617,0.0854451309174331,108.61071065760025
1765359831.2527966,nan,nan,0.0,2.2332745207796654,0.10424149586230601,107.11713139140025
1765359831.3029323,nan,nan,0.0,2.22758623053136,0.12271191986472293,105.73211935320025
1765359831.3524258,nan,nan,0.0,2.22758623053136,0.12271191986472293,105.73211935320025
1765359831.402565,nan,nan,0.0,2.2224140715396845,0.14107294360639824,104.30223518840025
1765359831.4526327,nan,nan,0.0,2.217598962788726,0.1599602892986674,103.00173400220025
1765359831.5025086,nan,nan,0.0,2.217598962788726,0.1599602892986674,103.00173400220025
1765359831.5522945,nan,nan,0.0,2.213484916729294,0.17777772039183615,101.53509364770026
1765359831.6021974,nan,nan,0.0,2.213484916729294,0.17777772039183615,101.53509364770026
1765359831.6525176,nan,nan,0.0,2.209801166101339,0.1958273379334794,100.04161567930022
1765359831.7026005,nan,nan,0.0,2.206587802413801,0.2139741442262197,98.88310458280024
1765359831.7534406,nan,nan,0.0,2.206587802413801,0.2139741442262197,98.88310458280024
1765359831.802187,nan,nan,0.0,2.203754448487303,0.23210253652122295,97.37965292050023
1765359831.8526645,nan,nan,0.0,2.201390599472658,0.2503539099392896,96.15092338770023
1765359831.903916,nan,nan,0.0,2.201390599472658,0.2503539099392896,96.15092338770023
1765359831.952335,nan,nan,0.0,2.1994189576210155,0.26864912203234315,94.68304392050025
1765359832.002402,nan,nan,0.0,2.1988814610535075,0.2870819568824316,93.07033833850022
1765359832.052621,nan,nan,0.0,2.1988814610535075,0.2870819568824316,93.07033833850022
1765359832.1027052,nan,nan,0.0,2.197891188544968,0.3055438031741241,91.88405502410025
1765359832.1531093,nan,nan,0.0,2.197891188544968,0.3055438031741241,91.88405502410025
1765359832.2054434,nan,nan,0.0,2.198252158391869,0.3238646839223588,90.27358111710022
1765359832.2521865,nan,nan,0.0,2.1981634694136094,0.3424385737385827,89.21063938230023
1765359832.3026052,nan,nan,0.0,2.1981634694136094,0.3424385737385827,89.21063938230023
1765359832.352293,nan,nan,0.0,2.1993755739848044,0.3606773434636487,87.89696539810022
1765359832.402724,nan,nan,0.0,2.2000528358130316,0.379120604676664,86.52875099830023
1765359832.4524062,nan,nan,0.0,2.2000528358130316,0.379120604676664,86.52875099830023
1765359832.5023158,nan,nan,0.0,2.2018527459388557,0.39495744162656127,85.19004825590022
1765359832.5525699,nan,nan,0.0,2.20362224961398,0.41598609528996716,83.81521034570022
1765359832.602614,nan,nan,0.0,2.20362224961398,0.41598609528996716,83.81521034570022
1765359832.652255,nan,nan,0.0,2.2048361399893666,0.4360718933988299,82.33300358770022
1765359832.7026243,nan,nan,0.0,2.2048361399893666,0.4360718933988299,82.33300358770022
1765359832.7530687,nan,nan,0.0,2.2048361399893666,0.4360718933988299,82.33300358770022
1765359832.8023868,nan,nan,0.0,2.208474730647401,0.45591006550991453,81.15555251390022
1765359832.8523762,nan,nan,0.0,2.2115865915593504,0.4759088347497694,80.10761789870021
1765359832.9022682,nan,nan,0.0,2.216822959776369,0.49465963898611653,79.17414203330023
1765359832.9538586,nan,nan,0.0,2.2214138302938857,0.5135089263935335,77.80951574360023
1765359833.0022051,nan,nan,0.0,2.2214138302938857,0.5135089263935335,77.80951574360023
1765359833.0525877,nan,nan,0.0,2.225316708128942,0.5315749770405295,76.79987586620024
1765359833.103161,nan,nan,0.0,2.225316708128942,0.5315749770405295,76.79987586620024
1765359833.1527145,nan,nan,0.0,2.2295308141532644,0.5495417346692977,75.82379383340023
1765359833.202702,nan,nan,0.0,2.2340543165553934,0.5674497107248696,74.80682180080024
1765359833.2537568,nan,nan,0.0,2.2340543165553934,0.5674497107248696,74.80682180080024
1765359833.3027494,nan,nan,0.0,2.2388228254273863,0.5850090017648933,73.48946815240024
1765359833.352326,nan,nan,0.0,2.24407416909138,0.6027252817435859,72.40798263940023
1765359833.4027278,nan,nan,0.0,2.24407416909138,0.6027252817435859,72.40798263940023
1765359833.4531243,nan,nan,0.0,2.25149992409993,0.619721335968748,71.18446455880023
1765359833.5046484,nan,nan,0.0,2.2570856021790577,0.6361145860685031,69.87676245430023
1765359833.552407,nan,nan,0.0,2.2570856021790577,0.6361145860685031,69.87676245430023
1765359833.6022475,nan,nan,0.0,2.263422352612435,0.6534088336448564,68.97443713690024
1765359833.6526012,nan,nan,0.0,2.263422352612435,0.6534088336448564,68.97443713690024
1765359833.7024975,nan,nan,0.0,2.2691162569929935,0.6709195833043867,68.13739712890022
1765359833.7524376,nan,nan,0.0,2.276902555337906,0.6877126104513296,66.98340297370024
1765359833.8027418,nan,nan,0.0,2.276902555337906,0.6877126104513296,66.98340297370024
1765359833.852425,nan,nan,0.0,2.2830704197845013,0.7022314937702805,66.10118078440024
1765359833.9022357,nan,nan,0.0,2.2925142833665295,0.7211718101571847,64.90584847640022
1765359833.9527652,nan,nan,0.0,2.2925142833665295,0.7211718101571847,64.90584847640022
1765359834.0023134,nan,nan,0.0,2.304377623710385,0.7465040609590088,64.34172622660023
1765359834.0525894,nan,nan,0.0,2.32128367248706,0.7816978032620733,65.13399090130024
1765359834.1027536,nan,nan,0.0,2.32128367248706,0.7816978032620733,65.13399090130024
1765359834.153939,nan,nan,0.0,2.3425272623953344,0.8252309140965479,68.72436769630023
1765359834.203006,nan,nan,0.0,2.3425272623953344,0.8252309140965479,68.72436769630023
1765359834.2528083,nan,nan,0.0,2.3631601889754017,0.8702098013015983,73.14464051350025
1765359834.3027704,nan,nan,0.0,2.3782104337816183,0.9132057798984475,77.17281432250024
1765359834.3534205,nan,nan,0.0,2.3782104337816183,0.9132057798984475,77.17281432250024
1765359834.402551,nan,nan,0.0,2.3877554764303635,0.9507639715923695,79.47040905850022
1765359834.453571,nan,nan,0.0,2.394001390255429,0.9843670439788915,80.91831473050024
1765359834.5022492,nan,nan,0.0,2.394001390255429,0.9843670439788915,80.91831473050024
1765359834.5528433,nan,nan,0.0,2.394001390255429,0.9843670439788915,80.91831473050024
1765359834.602429,nan,nan,0.0,2.3997999277007445,1.0145590219134326,81.32172457240024
1765359834.6526277,nan,nan,0.0,2.404189506528168,1.0433179729387914,81.58532607760023
1765359834.7026608,nan,nan,0.0,2.4080275191020823,1.0692629622684162,81.61733209320025
1765359834.7526844,nan,nan,0.0,2.4080275191020823,1.0692629622684162,81.61733209320025
1765359834.803449,nan,nan,0.0,2.412669864645276,1.0941044447578905,81.29731097320025
1765359834.852388,nan,nan,0.0,2.412669864645276,1.0941044447578905,81.29731097320025
1765359834.9034905,nan,nan,0.0,2.4163274998361186,1.1179996973259185,81.23359151880024
1765359834.9523535,nan,nan,0.0,2.4198957313798792,1.1411387941954652,81.00055831260023
1765359835.0036466,nan,nan,0.0,2.4198957313798792,1.1411387941954652,81.00055831260023
1765359835.05264,nan,nan,0.0,2.4231997080624943,1.1620005976698802,80.49441924700025
1765359835.1026273,nan,nan,0.0,2.4264066509512423,1.1811530725551684,79.82258847340026
1765359835.1523814,nan,nan,0.0,2.4264066509512423,1.1811530725551684,79.82258847340026
1765359835.20267,nan,nan,0.0,2.4295162570462527,1.1984747162217904,79.09777171990025
1765359835.2525392,nan,nan,0.0,2.4335044228021645,1.2191806305396438,78.18982385790024
1765359835.3025541,nan,nan,0.0,2.4335044228021645,1.2191806305396438,78.18982385790024
1765359835.3523672,nan,nan,0.0,2.4375914943948707,1.2387269954102171,76.91306792240024
1765359835.403731,nan,nan,0.0,2.4421525157267854,1.2583470869668665,75.96492673040024
1765359835.4524877,nan,nan,0.0,2.4421525157267854,1.2583470869668665,75.96492673040024
1765359835.5030198,nan,nan,0.0,2.446899086396123,1.277335017811141,74.65903784540025
1765359835.552868,nan,nan,0.0,2.446899086396123,1.277335017811141,74.65903784540025
1765359835.6028895,nan,nan,0.0,2.451967010153016,1.2958083270939862,72.93911293700025
1765359835.6526845,nan,nan,0.0,2.4573660449568586,1.313400887319146,71.48709092920025
1765359835.70335,nan,nan,0.0,2.4573660449568586,1.313400887319146,71.48709092920025
1765359835.7524676,nan,nan,0.0,2.462930322323142,1.3300183161030064,69.82704865390025
1765359835.8028307,nan,nan,0.0,2.4689317836011826,1.346353603194213,68.30593200740024
1765359835.8524165,nan,nan,0.0,2.4689317836011826,1.346353603194213,68.30593200740024
1765359835.9026513,nan,nan,0.0,2.4758924884940594,1.3612398047071868,66.58102984310024
1765359835.9525595,nan,nan,0.0,2.483709269400959,1.376850371901515,64.75428956090026
1765359836.0030184,nan,nan,0.0,2.483709269400959,1.376850371901515,64.75428956090026
1765359836.052281,nan,nan,0.0,2.491602533520529,1.3935897347380142,63.60692797410024
1765359836.1026063,nan,nan,0.0,2.491602533520529,1.3935897347380142,63.60692797410024
1765359836.153903,nan,nan,0.0,2.499373885877137,1.4092497767541867,61.90285968630025
1765359836.2029555,nan,nan,0.0,2.5079668363460152,1.4253448762822614,60.47114219290025
1765359836.2523332,nan,nan,0.0,2.5079668363460152,1.4253448762822614,60.47114219290025
1765359836.306392,nan,nan,0.0,2.516559421862124,1.4405143877478173,59.06697079130026
1765359836.3524418,nan,nan,0.0,2.525519996842386,1.4554668497101921,57.58320876410024
1765359836.4023516,nan,nan,0.0,2.525519996842386,1.4554668497101921,57.58320876410024
1765359836.4529042,nan,nan,0.0,2.5348623872620717,1.4701785697576966,56.30717582010024
1765359836.5028667,nan,nan,0.0,2.5432239596889126,1.4827196210247218,54.98280887610024
1765359836.5538795,nan,nan,0.0,2.5432239596889126,1.4827196210247218,54.98280887610024
1765359836.602868,nan,nan,0.0,2.5554021591876035,1.5001007904960724,53.97363012230025
1765359836.6536062,nan,nan,0.0,2.5554021591876035,1.5001007904960724,53.97363012230025
1765359836.702595,nan,nan,0.0,2.567250568756578,1.5163929535276626,53.07281998610026
1765359836.7539308,nan,nan,0.0,2.579924193292895,1.533255970147173,52.069744496700245
1765359836.8027034,nan,nan,0.0,2.579924193292895,1.533255970147173,52.069744496700245
1765359836.8525496,nan,nan,0.0,2.5935227615168257,1.550705083266681,51.54683549910025
1765359836.9035473,nan,nan,0.0,2.607412104510707,1.5681957084796436,50.64295558420026
1765359836.9580734,nan,nan,0.0,2.607412104510707,1.5681957084796436,50.64295558420026
1765359837.00271,nan,nan,0.0,2.621564072467824,1.5854509554124359,50.027540191300254
1765359837.0530045,nan,nan,0.0,2.621564072467824,1.5854509554124359,50.027540191300254
1765359837.1030712,nan,nan,0.0,2.6351757751905693,1.601688595246399,49.258012545400256
1765359837.152588,nan,nan,0.0,2.6351757751905693,1.601688595246399,49.258012545400256
1765359837.2033114,nan,nan,0.0,2.6532754285028504,1.624482656053953,48.146443195000266
1765359837.2524314,nan,nan,0.0,2.6455785256846633,1.614728716918971,49.08493376620025
1765359837.302446,nan,nan,0.0,2.6455785256846633,1.614728716918971,49.08493376620025
1765359837.3529823,nan,nan,0.0,2.6288323175834547,1.5884303810373104,51.29605548720025
1765359837.4024584,nan,nan,0.0,2.6169424734983733,1.567192253147632,55.62710395020025
1765359837.4580247,nan,nan,0.0,2.6169424734983733,1.567192253147632,55.62710395020025
1765359837.5022998,nan,nan,0.0,2.5968533865458534,1.5378230879416628,60.00778900860028
1765359837.552378,nan,nan,0.0,2.5968533865458534,1.5378230879416628,60.00778900860028
1765359837.6027331,nan,nan,0.0,2.5659354349410495,1.4784369822440078,71.17116897460025
1765359837.6523612,nan,nan,0.0,2.5679724394021104,1.4844107884617972,74.63048752760027
1765359837.7025197,nan,nan,0.0,2.5679724394021104,1.4844107884617972,80.68446574880025
1765359837.7525623,nan,nan,0.0,2.5679724394021104,1.4844107884617972,80.68446574880025
1765359837.8025131,nan,nan,0.0,2.5679724394021104,1.4844107884617972,81.62744870230026
1765359837.8523738,nan,nan,0.0,2.5679724394021104,1.4844107884617972,81.74479428780026
1765359837.902624,nan,nan,0.0,2.5679724394021104,1.4844107884617972,81.74479428780026
1765359837.9524105,nan,nan,0.0,2.5679724394021104,1.4844107884617972,81.74479428780026
1765359838.0026302,nan,nan,0.0,2.5679724394021104,1.4844107884617972,81.74479428780026
1765359838.0533817,nan,nan,0.0,2.5679724394021104,1.4844107884617972,81.74479428780026
1765359838.1055381,nan,nan,0.0,2.5679724394021104,1.4844107884617972,81.74479428780026
1765359838.152534,nan,nan,0.0,2.5679724394021104,1.4844107884617972,81.74479428780026
1765359838.2024453,nan,nan,0.0,2.5679724394021104,1.4844107884617972,81.74479428780026
1765359838.25266,nan,nan,0.0,2.5679724394021104,1.4844107884617972,81.74479428780026
1765359838.3021586,nan,nan,0.0,2.5679724394021104,1.4844107884617972,81.74479428780026
1765359838.3534431,nan,nan,0.0,2.5679724394021104,1.4844107884617972,81.74479428780026
1765359838.402433,nan,nan,0.0,2.5679724394021104,1.4844107884617972,81.74479428780026
1765359838.4527004,nan,nan,0.0,2.5679724394021104,1.4844107884617972,81.74479428780026
1765359838.5033827,nan,nan,0.0,2.5679724394021104,1.4844107884617972,81.74479428780026
1765359838.5528467,nan,nan,0.0,2.5679724394021104,1.4844107884617972,81.74479428780026
1765359838.6035442,nan,nan,0.0,2.5679724394021104,1.4844107884617972,81.74479428780026
1765359838.6525571,nan,nan,0.0,2.5679724394021104,1.4844107884617972,81.74479428780026
1765359838.7022643,nan,nan,0.0,2.5679724394021104,1.4844107884617972,81.74479428780026
1765359838.753169,nan,nan,0.0,2.5679724394021104,1.4844107884617972,81.74479428780026
1765359838.8032727,nan,nan,0.0,2.5679724394021104,1.4844107884617972,81.74479428780026
1765359838.8523517,nan,nan,0.0,2.5679724394021104,1.4844107884617972,81.74479428780026
1765359838.9023285,nan,nan,0.0,2.5679724394021104,1.4844107884617972,81.74479428780026
1765359838.952996,nan,nan,0.0,2.5679724394021104,1.4844107884617972,81.74479428780026
1765359839.0023692,nan,nan,0.0,2.5679724394021104,1.4844107884617972,81.74479428780026
1765359839.0526304,nan,nan,0.0,2.5679724394021104,1.4844107884617972,81.74479428780026
1765359839.1028798,nan,nan,0.0,2.5679724394021104,1.4844107884617972,81.74479428780026
1765359839.1527348,nan,nan,0.0,2.5679724394021104,1.4844107884617972,81.74479428780026
1765359839.2032464,nan,nan,0.0,2.5679724394021104,1.4844107884617972,81.74479428780026
1765359839.252297,nan,nan,0.0,2.5679724394021104,1.4844107884617972,81.74479428780026
1765359839.3029609,nan,nan,0.0,2.5679724394021104,1.4844107884617972,81.74479428780026
1765359839.3535821,nan,nan,0.0,2.5679724394021104,1.4844107884617972,81.74479428780026
1765359839.404212,nan,nan,0.0,2.5679724394021104,1.4844107884617972,81.74479428780026
1765359839.452362,nan,nan,0.0,2.5679724394021104,1.4844107884617972,81.74479428780026
1765359839.505571,nan,nan,0.0,2.5679724394021104,1.4844107884617972,81.74479428780026
1765359839.552644,nan,nan,0.0,2.5679724394021104,1.4844107884617972,81.74479428780026
1765359839.6025896,nan,nan,0.0,2.5679724394021104,1.4844107884617972,81.74479428780026
1765359839.6524754,nan,nan,0.0,2.5679724394021104,1.4844107884617972,81.74479428780026
1765359839.702351,nan,nan,0.0,2.5679724394021104,1.4844107884617972,81.74479428780026
1765359839.752821,nan,nan,0.0,2.5679724394021104,1.4844107884617972,81.74479428780026
1765359839.80487,nan,nan,0.0,2.5679724394021104,1.4844107884617972,81.74479428780026
1765359839.8530107,nan,nan,0.0,2.5679724394021104,1.4844107884617972,81.74479428780026
1765359839.9027758,nan,nan,0.0,2.5679724394021104,1.4844107884617972,81.74479428780026
1765359839.953051,nan,nan,0.0,2.5679724394021104,1.4844107884617972,81.74479428780026
1765359840.0023537,nan,nan,0.0,2.5679724394021104,1.4844107884617972,81.74479428780026
1765359840.0523317,nan,nan,0.0,2.5679724394021104,1.4844107884617972,81.74479428780026
1765359840.1024108,nan,nan,0.0,2.5679724394021104,1.4844107884617972,81.74479428780026
1765359840.1523385,nan,nan,0.0,2.5679724394021104,1.4844107884617972,81.74479428780026
1765359840.2029338,nan,nan,0.0,2.5679724394021104,1.4844107884617972,81.74479428780026
1765359840.2522907,nan,nan,0.0,2.5679724394021104,1.4844107884617972,81.74479428780026
1765359840.302561,nan,nan,0.0,2.5679724394021104,1.4844107884617972,81.74479428780026
1765359840.3527641,nan,nan,0.0,2.5679724394021104,1.4844107884617972,81.74479428780026
1765359840.4030197,nan,nan,0.0,2.5679724394021104,1.4844107884617972,81.74479428780026
1765359840.4527678,nan,nan,0.0,2.5679724394021104,1.4844107884617972,81.74479428780026
1765359840.5027745,nan,nan,0.0,2.5679724394021104,1.4844107884617972,81.74479428780026
1765359840.5525224,nan,nan,0.0,2.5679724394021104,1.4844107884617972,81.74479428780026
1765359840.6023154,nan,nan,0.0,2.5679724394021104,1.4844107884617972,81.74479428780026
1765359840.6531518,nan,nan,0.0,2.5679724394021104,1.4844107884617972,81.74479428780026
1765359840.7028723,nan,nan,0.0,2.5679724394021104,1.4844107884617972,81.74479428780026
1765359840.7523496,nan,nan,0.0,2.5679724394021104,1.4844107884617972,81.74479428780026
1765359840.8031976,nan,nan,0.0,2.5679724394021104,1.4844107884617972,81.74479428780026
1765359840.8524828,nan,nan,0.0,2.5679724394021104,1.4844107884617972,81.74479428780026
1765359840.903059,nan,nan,0.0,2.5679724394021104,1.4844107884617972,81.74479428780026
1765359840.952384,nan,nan,0.0,2.5679724394021104,1.4844107884617972,81.74479428780026
1765359841.0023997,nan,nan,0.0,2.5679724394021104,1.4844107884617972,81.74479428780026
1765359841.0523822,nan,nan,0.0,2.5679724394021104,1.4844107884617972,81.74479428780026
1765359841.103057,nan,nan,0.0,2.5679724394021104,1.4844107884617972,81.74479428780026
1765359841.1524577,nan,nan,0.0,2.5679724394021104,1.4844107884617972,81.74479428780026
1765359841.2026677,nan,nan,0.0,2.5679724394021104,1.4844107884617972,81.74479428780026
1765359841.2523715,nan,nan,0.0,2.5679724394021104,1.4844107884617972,81.74479428780026
1765359841.3034785,nan,nan,0.0,2.5679724394021104,1.4844107884617972,81.74479428780026
1765359841.3528647,nan,nan,0.0,2.5679724394021104,1.4844107884617972,81.74479428780026
1765359841.4024692,nan,nan,0.0,2.5679724394021104,1.4844107884617972,81.74479428780026
1765359841.4529815,nan,nan,0.0,2.5679724394021104,1.4844107884617972,81.74479428780026
1765359841.5024936,nan,nan,0.0,2.5679724394021104,1.4844107884617972,81.74479428780026
1765359841.5540748,nan,nan,0.0,2.5679724394021104,1.4844107884617972,81.74479428780026
1765359841.602746,nan,nan,0.0,2.5679724394021104,1.4844107884617972,81.74479428780026
1765359841.6529858,nan,nan,0.0,2.5679724394021104,1.4844107884617972,81.74479428780026
